Date,Cycle_Day,Period,Metabolism,Weight,Calories,Protein,Fat,Carbs,Target_Calorie,Target_Protein,Target_Fat,Target_Carbs,Goal
2/7/2024,9,N,2330,154.6,1578.26,145.54,52.3,155,1692,143,55,155,Weight Loss
2/8/2024,10,N,2330,154.8,1733.02,153.44,47.57,180.81,1776,143,59,166,Weight Loss
2/9/2024,11,N,2330,153.4,1737.76,149.54,59.35,161.5,1776,143,59,166,Weight Loss
2/10/2024,12,N,2319,153.4,1690.15,182.17,51.2,130.3,1692,143,55,155,Weight Loss
2/11/2024,13,N,2308,152,1750.26,168.28,51.15,162.17,1785,140,59,170,Weight Loss
2/12/2024,14,N,2296,153.8,1703.74,163.27,46.46,167.1,1785,140,59,170,Weight Loss
2/13/2024,15,N,2284,154.4,1752.98,155.22,61.86,165.66,1785,140,59,170,Weight Loss
2/14/2024,16,N,2270,154.6,1670.77,151.25,52.22,158.65,1700,140,55,159,Weight Loss
2/15/2024,17,N,2255,154.8,1716.3,144.42,52.21,176.48,1785,140,59,170,Weight Loss
2/16/2024,18,N,2240,154,1736.11,146.51,41.98,206.16,1785,140,59,170,Weight Loss
2/17/2024,19,N,2226,152.8,2683.3,148.02,127.67,203.3,1700,140,55,159,Weight Loss
2/18/2024,20,N,2215,154.6,1650.71,146.46,79.73,112.79,1658,143,55,146,Weight Loss
2/19/2024,21,N,2202,154,1643.17,143.44,69.13,120.75,1658,143,55,146,Weight Loss
2/20/2024,22,N,2190,153.4,1646.72,146.22,57.51,152.42,1658,143,55,146,Weight Loss
2/21/2024,23,N,2177,153,1576.37,146.74,53.32,152.09,1579,143,51,135,Weight Loss
2/22/2024,24,N,2164,153.2,1650.57,147.02,56.34,147.36,1658,143,55,146,Weight Loss
2/23/2024,25,N,2152,153,1662.9,151.03,54.99,150.73,1658,143,55,146,Weight Loss
2/24/2024,26,N,2139,152.4,2405.22,129.7,98.06,258.58,1579,143,51,135,Weight Loss
2/25/2024,27,N,2128,154.4,1557.99,145.61,43.5,159.55,1562,142,52,129,Weight Loss
2/26/2024,28,N,2116,154,1534.79,148.41,39.27,160.55,1562,142,52,129,Weight Loss
2/27/2024,1,Y,2103,153.2,1539.74,144.56,45.06,161.65,1562,142,52,129,Weight Loss
2/28/2024,2,Y,2090,153.2,1481.7,146.28,37.23,135.21,1488,142,48,119,Weight Loss
2/29/2024,3,Y,2076,153,1563.86,152.94,39.54,161.31,1562,142,52,129,Weight Loss
3/1/2024,4,N,2062,153,1552.93,141.65,46.18,168.86,1562,142,52,129,Weight Loss
3/2/2024,5,N,2048,152.2,1487.22,143.78,38.31,157.57,1488,142,48,119,Weight Loss
3/3/2024,6,N,2035,152.8,1492.82,151.2,41.77,136.23,1517,141,50,123,Weight Loss
3/4/2024,7,N,2021,152,1498,140.5,59.39,123,1517,141,50,123,Weight Loss
3/5/2024,8,N,2007,152.8,1509.97,140.77,59.56,112.16,1517,141,50,123,Weight Loss
3/6/2024,9,N,1995,150.8,1445.9,152.34,39.07,142.32,1444,141,47,113,Weight Loss
3/7/2024,10,N,1983,151.2,1512.8,144.29,55.59,119.59,1517,141,50,123,Weight Loss
3/8/2024,11,N,1972,150.8,1516.1,145.89,43.91,148.01,1517,141,50,123,Weight Loss
3/9/2024,12,N,1962,150.8,,,,,,,,,Weight Loss
3/10/2024,13,N,1960,,,,,,,,,,Weight Loss
3/11/2024,14,N,1959,,,,,,,,,,Weight Loss
3/12/2024,15,N,1958,,,,,,,,,,Weight Loss
3/13/2024,16,N,1957,,,,,,,,,,Weight Loss
3/14/2024,17,N,1957,,,,,,,,,,Weight Loss
3/15/2024,18,N,1957,,,,,,,,,,Weight Loss
3/16/2024,19,N,1957,,,,,,,,,,Weight Loss
3/17/2024,20,N,1957,,1499.23,145.57,39.36,150.05,1501,138,50,122,Weight Loss
3/18/2024,21,N,1957,,1486.88,151.32,36.98,145.62,1501,138,50,122,Weight Loss
3/19/2024,22,N,1957,,1494.52,139.98,41.65,165.72,1501,138,50,122,Weight Loss
3/20/2024,23,N,1955,152,1424.36,145.1,42.32,125.55,1430,138,46,113,Weight Loss
3/21/2024,24,N,1952,151.8,1504.86,143.17,36.7,173.61,1501,138,50,122,Weight Loss
3/22/2024,25,N,1947,152,1528.64,144.3,26.34,183.68,1501,138,50,122,Weight Loss
3/23/2024,26,N,1941,151.2,1417.07,144.43,36.19,142.81,1430,138,46,113,Weight Loss
3/24/2024,27,N,1934,151.4,1511.96,141.61,63.88,107.48,1511,140,50,123,Weight Loss
3/25/2024,28,N,1927,150.6,1504.27,142.03,51.54,187.43,1511,140,50,123,Weight Loss
3/26/2024,29,N,1919,151.6,1592.2,98.03,66.2,160.57,1511,140,50,123,Weight Loss
3/27/2024,30,N,1912,151,1426.58,146.76,58.6,129.44,1439,140,46,114,Weight Loss
3/28/2024,31,N,1905,,1522.37,145.88,55.55,163.54,1511,140,50,123,Weight Loss
3/29/2024,1,Y,1897,,,,,,,,,,Weight Loss
3/30/2024,2,Y,1891,,,,,,,,,,Weight Loss
3/31/2024,3,Y,1887,,,,,,,,,,Weight Loss
4/1/2024,4,N,1884,,1470.88,148.9,44.39,131.22,1481,139,49,119,Weight Loss
4/2/2024,5,N,1880,,1510.06,143.05,44.35,162.08,1481,139,49,119,Weight Loss
4/3/2024,6,N,1876,151.6,1403.47,142.94,39.06,123.35,1411,139,46,110,Weight Loss
4/4/2024,7,N,1871,150.6,1454.87,139.02,46.64,130.61,1481,139,49,119,Weight Loss
4/5/2024,8,N,1867,150.4,1478.73,147.52,51.83,109.36,1481,139,49,119,Weight Loss
4/6/2024,9,N,1862,149.8,1479.13,146.47,53.19,128.62,1411,139,46,110,Weight Loss
4/7/2024,10,N,1856,,1525.31,140.94,40.7,160.14,1573,138,52,135,Weight Loss
4/8/2024,11,N,1847,151.6,1295.67,141.17,42.35,93.64,1294,140,43,85,Weight Loss
4/9/2024,12,N,1839,,1278.46,151.2,35.73,109.78,1294,140,43,85,Weight Loss
4/10/2024,13,N,1830,149.8,1260.97,146.35,29.66,111.53,1232,140,39,77,Weight Loss
4/11/2024,14,N,1822,149.6,1289.45,136.38,24.83,136.08,1294,140,43,85,Weight Loss
4/12/2024,15,N,1813,149.8,1397.26,152.04,45.45,97.87,1294,140,43,85,Weight Loss
4/13/2024,16,N,1805,149.6,1852.7,148.53,86.17,128.87,1407,137,45,110,Weight Loss
4/14/2024,17,N,1797,150.2,1475.15,147.85,49.98,116.28,1477,137,49,119,Weight Loss
4/15/2024,18,N,1791,,1530.75,139.78,45.2,154.36,1477,137,49,119,Weight Loss
4/16/2024,19,N,1784,149.6,1456.08,151.36,40.55,129.32,1477,137,49,119,Weight Loss
4/17/2024,20,N,1783,148.6,1402.84,147.69,46.62,115.07,1407,137,45,110,Weight Loss
4/18/2024,21,N,1782,148.4,1481.5,150.38,48.63,117.22,1477,137,49,119,Weight Loss
4/19/2024,22,N,1782,148.2,1469.47,137.38,41.52,122.9,1477,137,49,119,Weight Loss
4/20/2024,23,N,1783,147.6,1380.08,139.2,38.26,120.12,1407,137,45,110,Weight Loss
4/21/2024,24,N,1784,148.5,1497.32,138.03,35.63,168.51,1442,137,47,116,Weight Loss
4/22/2024,25,N,1784,148.6,1443.92,146.81,33.31,152.41,1442,137,47,116,Weight Loss
4/23/2024,26,N,1784,148.6,1425.07,154.81,38.19,142.95,1442,137,47,116,Weight Loss
4/24/2024,1,Y,1783,149,1450.4,142.25,33.25,163.23,1442,137,47,116,Weight Loss
4/25/2024,2,Y,1782,148.2,1435.86,147.66,43.92,124.52,1442,137,47,116,Weight Loss
4/26/2024,3,Y,1781,148,1575.53,148.09,45.28,144.72,1586,137,54,135,Weight Loss
4/27/2024,4,N,1780,148.6,2566.8,134.96,105.15,279.78,1586,137,54,135,Weight Loss
4/28/2024,5,N,1782,,1436.13,141.3,37.49,140.48,1434,136,47,115,Weight Loss
4/29/2024,6,N,1781,149.8,1549.69,137.08,55.59,150.96,1475,138,49,119,Weight Loss
4/30/2024,7,N,1780,149.4,1472.03,165.45,52.83,90.8,1475,138,49,119,Weight Loss
5/1/2024,8,N,1779,148,1485.94,138.22,39.67,153.32,1475,138,49,119,Weight Loss
5/2/2024,9,N,1778,147.6,1454.17,154.36,42.32,124.17,1475,138,49,119,Weight Loss
5/3/2024,10,N,1778,147.6,1479.72,153.8,38.52,136.39,1475,138,49,119,Weight Loss
5/4/2024,11,N,1777,147.4,1647.36,152.91,51.64,146.16,1475,138,49,119,Weight Loss
5/5/2024,12,N,1778,147.4,1828.99,139.6,57.02,191.53,1828,131,61,187,Maintenance
5/6/2024,13,N,1778,149,1723.97,171.1,70.66,127.8,1741,131,57,174,Maintenance
5/7/2024,14,N,1778,149,1738.55,145.44,51.6,170.82,1741,131,57,174,Maintenance
5/8/2024,15,N,1777,148.2,2106.3,142.18,66.31,243.98,1828,131,61,187,Maintenance
5/9/2024,16,N,1778,148.8,1723.08,150.91,66.47,142.23,1828,131,61,187,Maintenance
5/10/2024,17,N,1778,,,,,,,,,,Maintenance
5/11/2024,18,N,1779,,2106.25,146.8,87.55,194.3,1828,131,61,187,Maintenance
5/12/2024,19,N,1780,,1492.39,122.69,48.09,145.28,1424,138,46,112,Weight Loss
5/13/2024,20,N,1780,,1458.42,156.97,47,112.93,1455,138,48,116,Weight Loss
5/14/2024,21,N,1780,,1451.75,149.23,44.52,124.55,1455,138,48,116,Weight Loss
5/15/2024,22,N,1779,148.2,1450.97,138.49,54.01,128.94,1455,138,48,116,Weight Loss
5/16/2024,23,N,1777,148,1498.56,145.24,36.86,138.7,1455,138,48,116,Weight Loss
5/17/2024,24,N,1775,147.8,1532.74,140.98,55.22,126.8,1455,138,48,116,Weight Loss
5/18/2024,25,N,1773,,1441.61,141.51,46.8,126.08,1455,138,48,116,Weight Loss
5/19/2024,26,N,1771,148.2,1460.46,134.5,35.89,158.28,1417,137,47,110,Weight Loss
5/20/2024,27,N,1767,148.6,1398.05,153.09,24.43,157.13,1417,137,47,110,Weight Loss
5/21/2024,28,N,1763,147.4,1472.37,139.22,40.46,147.86,1417,137,47,110,Weight Loss
5/22/2024,1,Y,1761,146,1416.72,147.69,27.34,173.91,1417,137,47,110,Weight Loss
5/23/2024,2,Y,1761,146,1529.69,133.63,45.84,150.94,1475,135,49,122,Weight Loss
5/24/2024,3,Y,1761,146.4,,,,,,,,,Weight Loss
5/25/2024,4,N,1761,,,,,,,,,,Weight Loss
5/26/2024,5,N,1761,,1462.66,137.72,36.03,156.88,1470,136,49,121,Weight Loss
5/27/2024,6,N,1760,,1489.98,152.54,49.56,135.82,1470,136,49,121,Weight Loss
5/28/2024,7,N,1759,,1444.37,143.85,32.74,150.75,1470,136,49,121,Weight Loss
5/29/2024,8,N,1758,147.6,1448.56,123.5,37.51,167.7,1470,136,49,121,Weight Loss
5/30/2024,9,N,1756,146.6,1463.31,137.71,27.97,179.7,1470,136,49,121,Weight Loss
5/31/2024,10,N,1754,146.4,1917.46,151.05,71.49,182.33,1470,136,49,121,Weight Loss
6/1/2024,11,N,1754,146.2,,,,,,,,,Weight Loss
6/2/2024,12,N,1754,,1459.67,142.32,31.03,157.65,1475,135,49,122,Weight Loss
6/3/2024,13,N,1754,,1702.39,146.18,47.66,177.26,1475,135,49,122,Weight Loss
6/4/2024,14,N,1753,,1459.69,149.62,35.04,157.71,1475,135,49,122,Weight Loss
6/5/2024,15,N,1752,,1553.91,138.95,50.33,141,1475,135,49,122,Weight Loss
6/6/2024,16,N,1750,,1521.79,160.1,36.64,143.79,1475,135,49,122,Weight Loss
6/7/2024,17,N,1747,147.6,1554.11,153.82,38.51,153.57,1475,135,49,122,Weight Loss
6/8/2024,18,N,1744,147.4,2343.61,119.71,93.21,275.51,1475,135,49,122,Weight Loss
6/9/2024,19,N,1742,,1470.62,147.11,38.91,144,1630,137,54,148,Weight Loss
6/10/2024,20,N,1740,147.6,1594.04,139.68,53.15,148.95,1630,137,54,148,Weight Loss
6/11/2024,21,N,1737,147.4,1612.35,143.55,34.63,195.39,1630,137,54,148,Weight Loss
6/12/2024,22,N,1735,146.6,1624.69,153.68,49.59,150.57,1630,137,54,148,Weight Loss
6/13/2024,23,N,1734,145.6,1620.43,144.43,49.8,162.73,1630,137,54,148,Weight Loss
6/14/2024,24,N,1735,145.2,,,,,,,,,Weight Loss
6/15/2024,25,N,1736,,1564.84,148.48,54.1,149.31,1630,137,54,148,Weight Loss
6/16/2024,26,N,1736,,1733.99,151.71,49.64,177.39,1542,135,51,134,Weight Loss
6/17/2024,27,N,1737,,1529.08,149.04,57.68,110.55,1542,135,51,134,Weight Loss
6/18/2024,28,N,1737,146.6,1800.5,148.37,60.86,177.09,1542,135,51,134,Weight Loss
6/19/2024,29,N,1737,146.8,1541.62,140.19,57.48,123.13,1542,135,51,134,Weight Loss
6/20/2024,1,Y,1736,146.8,1534.89,142.61,47.8,141.75,1542,135,51,134,Weight Loss
6/21/2024,2,Y,1736,145.2,1539.53,157.39,43.01,141.97,1542,135,51,134,Weight Loss
6/22/2024,3,Y,1736,146,1532.81,159.64,44.18,142.02,1542,135,51,134,Weight Loss
6/23/2024,4,N,1736,145.8,1579.93,137.68,40.68,175.26,1541,135,52,132,Weight Loss
6/24/2024,5,N,1735,146.4,1464.42,136.12,42.07,162.36,1468,135,48,122,Weight Loss
6/25/2024,6,N,1734,146,1568.6,144.53,48.32,145.71,1468,135,48,122,Weight Loss
6/26/2024,7,N,1733,146,1526.31,135.89,53.39,135.46,1468,135,48,122,Weight Loss
6/27/2024,8,N,1732,145.2,1572.95,145.33,49.29,144.57,1468,135,48,122,Weight Loss
6/28/2024,9,N,1731,145.4,,,,,,,,,Weight Loss
6/29/2024,10,N,1731,,,,,,,,,,Weight Loss
6/30/2024,11,N,1731,,,,,,,,,,Weight Loss
7/1/2024,12,N,1731,,1461.41,147.3,33.18,151.37,1466,135,48,122,Weight Loss
7/2/2024,13,N,1730,,1488.07,144.74,34.25,167.14,1466,135,48,122,Weight Loss
7/3/2024,14,N,1729,145.8,1494.38,141.07,51.8,131.15,1466,135,48,122,Weight Loss
7/4/2024,15,N,1728,145.2,1515.55,143.43,33.57,172.35,1466,135,48,122,Weight Loss
7/5/2024,16,N,1727,145.2,1532.38,142.86,51.87,127.64,1466,135,48,122,Weight Loss
7/6/2024,17,N,1727,145,1505.76,141.03,46.31,156.02,1466,135,48,122,Weight Loss
7/7/2024,18,N,1726,145.2,1563.87,147.85,56.12,126.26,1498,136,49,125,Weight Loss
7/8/2024,19,N,1725,144.8,1680.89,143.55,60,149.58,1498,136,49,125,Weight Loss
7/9/2024,20,N,1725,,1543.94,152.28,49.74,132.65,1498,136,49,125,Weight Loss
7/10/2024,21,N,1725,145,1552.13,149.55,51.68,136.29,1498,136,49,125,Weight Loss
7/11/2024,22,N,1725,145,1741.37,144.64,61.89,163.4,1498,136,49,125,Weight Loss
7/12/2024,23,N,1725,144.4,,,,,,,,,Maintenance
7/13/2024,24,N,1725,,,,,,,,,,Maintenance
7/14/2024,25,N,1725,,,,,,,,,,Maintenance
7/15/2024,26,N,1725,,,,,,,,,,Maintenance
7/16/2024,27,N,1724,,,,,,,,,,Maintenance
7/17/2024,28,N,1724,,,,,,,,,,Maintenance
7/18/2024,29,N,1724,,,,,,,,,,Maintenance
7/19/2024,30,N,1724,,,,,,,,,,Maintenance
7/20/2024,31,N,1724,,,,,,,,,,Maintenance
7/21/2024,32,N,1724,,,,,,,,,,Maintenance
7/22/2024,33,N,1724,,,,,,,,,,Maintenance
7/23/2024,1,Y,1724,,,,,,,,,,Maintenance
7/24/2024,2,Y,1724,,1655.54,132.7,55.41,158.3,1745,96,58,209,Maintenance
7/25/2024,3,Y,1724,,1729.73,126.7,58.84,180.17,1745,96,58,209,Maintenance
7/26/2024,4,N,1724,,,,,,,,,,Maintenance
7/27/2024,5,N,1724,,,,,,,,,,Maintenance
7/28/2024,6,N,1724,152.2,1371.36,141.31,22.53,160.73,1370,142,45,96,Weight Loss
7/29/2024,7,N,1723,150.8,1324.33,160.94,20.38,133.46,1370,142,45,96,Weight Loss
7/30/2024,8,N,1719,149.2,1356.18,144.55,45.39,117.5,1370,142,45,96,Weight Loss
7/31/2024,9,N,1713,148.2,1370.39,147.06,45.49,102.52,1370,142,45,96,Weight Loss
8/1/2024,10,N,1706,148.2,1356.98,140.29,25.87,150.28,1370,142,45,96,Weight Loss
8/2/2024,11,N,1699,146.2,1384.72,146.99,31.4,131.91,1370,142,45,96,Weight Loss
8/3/2024,12,N,1692,146.8,1722.03,114.78,61.77,181.94,1370,142,45,96,Weight Loss
8/4/2024,13,N,1687,146,1611.45,137.6,177.42,206.01,1383,137,46,104,Weight Loss
8/5/2024,14,N,1688,147,1381.77,143.26,110.77,122.72,1383,137,46,104,Weight Loss
8/6/2024,15,N,1687,147.6,1410.37,141.68,185.9,131.2,1383,137,46,104,Weight Loss
8/7/2024,16,N,1687,147.4,1433.55,149.42,34.01,146.68,1383,137,46,104,Weight Loss
8/8/2024,17,N,1687,146,1359.08,136.7,32.9,142.28,1383,137,46,104,Weight Loss
8/9/2024,18,N,1689,145.6,1523.51,165.35,40.73,134.18,1383,137,46,104,Weight Loss
8/10/2024,19,N,1692,144,2296.67,110.02,107.79,176.43,1383,137,46,104,Weight Loss
8/11/2024,20,N,1699,,1567.83,144.75,36.61,176.21,1440,135,48,116,Weight Loss
8/12/2024,21,N,1705,146.4,1508.95,148.58,47.12,146.06,1440,135,48,116,Weight Loss
8/13/2024,22,N,1710,146.4,1610.01,143.43,40.18,178.74,1440,135,48,116,Weight Loss
8/14/2024,23,N,1713,146.4,1721.53,143.63,57.01,166.32,1440,135,48,116,Weight Loss
8/15/2024,24,N,1717,,1466.02,152.73,47.26,120.91,1440,135,48,116,Weight Loss
8/16/2024,25,N,1720,145.8,,,,,,,,,Weight Loss
8/17/2024,26,N,1722,,,,,,,,,,Weight Loss
8/18/2024,27,N,1722,,1579.05,145.75,53.94,141.94,1486,136,49,123,Weight Loss
8/19/2024,28,N,1722,,1491.61,152.32,33.89,176.08,1486,136,49,123,Weight Loss
8/20/2024,1,Y,1719,149,1448.8,139.74,45.18,137.65,1486,136,49,123,Weight Loss
8/21/2024,2,Y,1717,146.6,1479.56,156.47,36.86,140.02,1486,136,49,123,Weight Loss
8/22/2024,3,Y,1715,146.4,1521.63,145.66,56.85,111.53,1486,136,49,123,Weight Loss
8/23/2024,4,N,1713,145.2,1535.08,135.76,51.92,139.1,1486,136,49,123,Weight Loss
8/24/2024,5,N,1713,145.2,1480.4,140,49.7,134.62,1486,136,49,123,Weight Loss
8/25/2024,6,N,1713,145.2,1628.55,137.17,34.06,209.83,1497,136,49,125,Weight Loss
8/26/2024,7,N,1713,,1548.16,146.03,29.9,189.79,1497,136,49,125,Weight Loss
8/27/2024,8,N,1713,146.8,1574.79,153.7,38.64,178.84,1497,136,49,125,Weight Loss
8/28/2024,9,N,1712,145.8,1550.23,159.89,51.86,116.41,1497,136,49,125,Weight Loss
8/29/2024,10,N,1713,145,1494.45,152.63,39,142.86,1497,136,49,125,Weight Loss
8/30/2024,11,N,1713,145,1494.15,141.41,56.34,108.39,1497,136,49,125,Weight Loss
8/31/2024,12,N,1715,144.6,1792,122.33,77.67,171,1497,136,49,125,Weight Loss
9/1/2024,13,N,1717,145.2,,,,,,,,,Maintenance
9/2/2024,14,N,1719,,,,,,,,,,Maintenance
9/3/2024,15,N,1720,,1454.56,155.47,47.14,108.47,1714,152,57,147,Maintenance
9/4/2024,16,N,1720,,1456.7,158.97,51.72,109.93,1714,152,57,147,Maintenance
9/5/2024,17,N,1721,,1573.82,164.3,37.38,160.07,1714,152,57,147,Maintenance
9/6/2024,18,N,1721,144.8,1680.47,160.82,63.22,125.05,1714,152,57,147,Maintenance
9/7/2024,19,N,1722,145,1691.53,168.95,53.68,159.64,1714,152,57,147,Maintenance
9/8/2024,20,N,1723,145.2,1716.03,153.79,49.03,167.04,1822,153,60,165,Maintenance
9/9/2024,21,N,1723,145.8,1751.14,162.29,53.63,168.63,1822,153,60,165,Maintenance
9/10/2024,22,N,1724,145.4,1741.15,158.43,57.98,157.17,1822,153,60,165,Maintenance
9/11/2024,23,N,1725,144.8,1719.44,157.39,47.32,195.28,1822,153,60,165,Maintenance
9/12/2024,24,N,1726,145.4,1822.3,167.84,60.15,163.72,1822,153,60,165,Maintenance
9/13/2024,25,N,1727,145,1818.24,169.25,49.24,185.61,1822,153,60,165,Maintenance
9/14/2024,1,Y,1728,146.2,1963.58,179.8,59.36,193.3,1822,153,60,165,Maintenance
9/15/2024,2,Y,1729,146.4,2051.97,177.8,52.71,233.32,1703,154,56,143,Maintenance
9/16/2024,3,Y,1729,,1702.11,159.42,54.3,157.6,1703,154,56,143,Maintenance
9/17/2024,4,N,1729,146.4,2299.89,164.67,85.48,245.4,1703,154,56,143,Maintenance
9/18/2024,5,N,1728,147.2,1779.89,167.96,52.12,169.42,1703,154,56,143,Maintenance
9/19/2024,6,N,1728,146,1768.32,176.96,51.24,162.94,1703,154,56,143,Maintenance
9/20/2024,7,N,1727,145.6,1703.84,172.9,48.22,158.89,1703,154,56,143,Maintenance
9/21/2024,8,N,1728,144.4,1751.94,158.15,45.7,189.02,1703,154,56,143,Maintenance
9/22/2024,9,N,1730,144.4,1795.58,159.67,43.65,194.53,1694,152,56,143,Maintenance
9/23/2024,10,N,1732,145.2,1755.14,188.85,43.1,178.83,1694,152,56,143,Maintenance
9/24/2024,11,N,1733,146.2,1695.47,159.68,63.75,131.74,1694,152,56,143,Maintenance
9/25/2024,12,N,1734,145,1687.28,154.68,38.83,189.76,1694,152,56,143,Maintenance
9/26/2024,13,N,1736,145,1671.85,155.35,51.25,156.95,1694,152,56,143,Maintenance
9/27/2024,14,N,1737,146,2129.68,187.79,73.99,193.83,1694,152,56,143,Maintenance
9/28/2024,15,N,1737,146.6,1692.58,153.52,60.38,142,1694,152,56,143,Maintenance
9/29/2024,16,N,1737,146.4,1688.66,161.8,67.76,121.81,1693,154,56,141,Maintenance
9/30/2024,17,N,1736,146.4,1691.67,154.42,42.97,182.45,1693,154,56,141,Maintenance
10/1/2024,18,N,1735,146.4,1725.98,168.56,58.84,156.28,1693,154,56,141,Maintenance
10/2/2024,19,N,1734,145.8,1597.95,159.64,49.13,140.4,1693,154,56,141,Maintenance
10/3/2024,20,N,1733,145,1693.71,166.3,52.36,154.1,1693,154,56,141,Maintenance
10/4/2024,21,N,1734,144.2,1761.77,157.81,60.34,156.15,1693,154,56,141,Maintenance
10/5/2024,22,N,1736,143.6,1730.55,155.2,40.58,197.19,1693,154,56,141,Maintenance
10/6/2024,23,N,1740,143.4,1929.53,157.62,57.77,212.92,1772,151,59,158,Maintenance
10/7/2024,24,N,1745,144.4,1893.1,189.47,53.93,175.81,1772,151,59,158,Maintenance
10/8/2024,25,N,1750,143.8,1740.82,175.89,54.72,155.68,1772,151,59,158,Maintenance
10/9/2024,26,N,1755,144,1834.73,174.97,38.67,204,1772,151,59,158,Maintenance
10/10/2024,27,N,1760,144.6,1800.34,176.45,39.32,189.36,1772,151,59,158,Maintenance
10/11/2024,28,N,1765,144.2,1807.05,181.89,43.77,178.43,1772,151,59,158,Maintenance
10/12/2024,1,Y,1769,,,,,,,,,,Maintenance
10/13/2024,2,Y,1772,,,,,,,,,,Maintenance
10/14/2024,3,Y,1774,,1851.06,143.49,57.43,194.66,1852,152,61,171,Maintenance
10/15/2024,4,N,1774,,1926.7,156.9,53.32,217.95,1852,152,61,171,Maintenance
10/16/2024,5,N,1775,146.4,1631.75,152.68,47.13,173.13,1852,152,61,171,Maintenance
10/17/2024,6,N,1775,145.2,1836.03,173.86,61.32,169.85,1852,152,61,171,Maintenance
10/18/2024,7,N,1775,144.8,1754.59,157.98,36.06,211.88,1852,152,61,171,Maintenance
10/19/2024,8,N,1775,144.2,1874.37,172.51,60.5,170.26,1852,152,61,171,Maintenance
10/20/2024,9,N,1776,145.6,1764.19,153.94,51.63,181.62,1772,153,59,156,Maintenance
10/21/2024,10,N,1776,145,1850,164.34,50.62,160.01,1772,153,59,156,Maintenance
10/22/2024,11,N,1777,144.8,1596.16,179.32,40.43,147.05,1772,153,59,156,Maintenance
10/23/2024,12,N,1778,145,1873.8,166.88,68.86,173.81,1772,153,59,156,Maintenance
10/24/2024,13,N,1778,144.6,1726.4,158.59,49.82,167.01,1772,153,59,156,Maintenance
10/25/2024,14,N,1779,144.6,1749.35,157.32,43.49,191.38,1772,153,59,156,Maintenance
10/26/2024,15,N,1780,145,,,,,,,,,Maintenance
10/27/2024,16,N,1780,,1756.24,159.28,52.18,176.31,1782,153,59,158,Maintenance
10/28/2024,17,N,1781,,1824.49,156.07,47.21,201.66,1782,153,59,158,Maintenance
10/29/2024,18,N,1781,145,1704.24,161.56,45.15,185.69,1782,153,59,158,Maintenance
10/30/2024,19,N,1781,144.8,1773.45,159.42,51.52,178.32,1782,153,59,158,Maintenance
10/31/2024,20,N,1782,144,1768.81,136.25,43.54,218.02,1782,153,59,158,Maintenance
11/1/2024,21,N,1784,,1653.88,162.31,43.38,165.23,1782,153,59,158,Maintenance
11/2/2024,22,N,1785,143.6,,,,,,,,,Maintenance
11/3/2024,23,N,1787,,1793.68,158.4,55.66,178.31,1787,151,59,160,Maintenance
11/4/2024,24,N,1788,,1809.63,170.44,47.57,181.24,1787,151,59,160,Maintenance
11/5/2024,25,N,1789,,1633.95,150.26,42.35,172.38,1787,151,59,160,Maintenance
11/6/2024,1,Y,1789,145,1711.96,164.31,52.9,168.18,1787,151,59,160,Maintenance
11/7/2024,2,Y,1789,144,1925.91,166.35,65.9,174.4,1787,151,59,160,Maintenance
11/8/2024,3,Y,1790,143.6,1692.95,131.25,59.02,160.2,1787,151,59,160,Maintenance
11/9/2024,4,N,1792,,1634.66,159.23,49.36,147.83,1787,151,59,160,Maintenance
11/10/2024,5,N,1793,144,1627.46,153.08,42.62,168.87,1797,152,59,162,Maintenance
11/11/2024,6,N,1793,144,1820.05,153.41,69.38,149.3,1797,152,59,162,Maintenance
11/12/2024,7,N,1795,143.4,1845.52,169.99,48.37,193.44,1797,152,59,162,Maintenance
11/13/2024,8,N,1797,143.6,1821.41,159.16,66.66,157.83,1797,152,59,162,Maintenance
11/14/2024,9,N,1798,144.6,1767.36,155.31,49.65,188.26,1797,152,59,162,Maintenance
11/15/2024,10,N,1800,143.2,1692.4,153.71,40.25,185.73,1797,152,59,162,Maintenance
11/16/2024,11,N,1802,143.4,1950.56,106.61,63.02,206.32,1797,152,59,162,Maintenance
11/17/2024,12,N,1803,143.2,1414.75,143.18,35.25,141.35,1554,151,51,119,Weight Loss
11/18/2024,13,N,1804,143.2,1538.2,153.44,44.3,155.99,1554,151,51,119,Weight Loss
11/19/2024,14,N,1804,143.2,1545.23,156.23,32.2,166.49,1554,151,51,119,Weight Loss
11/20/2024,15,N,1804,143.2,1531.65,151.26,39.44,148.83,1554,151,51,119,Weight Loss
11/21/2024,16,N,1803,143.2,1552.62,159.22,44.25,137.15,1554,151,51,119,Weight Loss
11/22/2024,17,N,1803,142.8,1582.05,161.22,37.33,158.31,1554,151,51,119,Weight Loss
11/23/2024,18,N,1803,141.8,1547.06,158.75,40.42,144.15,1554,151,51,119,Weight Loss
11/24/2024,19,N,1804,142.2,1543.97,162.94,37.08,148.69,1556,150,51,121,Weight Loss
11/25/2024,20,N,1804,142.2,1553.25,164.76,45.32,124.47,1556,150,51,121,Weight Loss
11/26/2024,21,N,1805,142,1561.73,166.14,51.62,127.18,1556,150,51,121,Weight Loss
11/27/2024,22,N,1806,141.4,1480.7,154.21,41.24,135.31,1556,150,51,121,Weight Loss
11/28/2024,23,N,1809,140.2,1621.01,151.94,45.57,160.41,1556,150,51,121,Weight Loss
11/29/2024,24,N,1812,140.4,1606.51,158.59,40.63,158.79,1556,150,51,121,Weight Loss
11/30/2024,25,N,1815,141,2825.35,135.68,134.1,276.66,1556,150,51,121,Weight Loss
12/1/2024,26,N,1818,,1607.46,149.53,45.81,154.98,1568,149,52,124,Weight Loss
12/2/2024,27,N,1819,,1704.24,166.32,48.88,158.97,1568,149,52,124,Weight Loss
12/3/2024,28,N,1821,,1718,150.51,46.21,188.53,1568,149,52,124,Weight Loss
12/4/2024,1,Y,1821,142,1593.62,149.3,51.29,143.71,1568,149,52,124,Weight Loss
12/5/2024,2,Y,1822,141.6,1593.99,159.24,46.21,158.45,1568,149,52,124,Weight Loss
12/6/2024,3,Y,1822,141.4,,,,,,,,,Weight Loss
12/7/2024,4,N,1821,,1854.25,148.05,64.52,160.19,1568,149,52,124,Weight Loss
12/8/2024,5,N,1821,,1575.43,155.12,40.83,147.23,1577,150,52,125,Weight Loss
12/9/2024,6,N,1819,143,1617.99,156.96,52.96,136.73,1577,150,52,125,Weight Loss
12/10/2024,7,N,1816,142.6,1599.35,150.24,49.71,143.7,1577,150,52,125,Weight Loss
12/11/2024,8,N,1813,142.4,1449.28,150.38,38.14,119.91,1577,150,52,125,Weight Loss
12/12/2024,9,N,1810,141,1550.08,148.87,46.66,142.97,1577,150,52,125,Weight Loss
12/13/2024,10,N,1808,141.2,1743.94,152.67,49.77,179.63,1577,150,52,125,Weight Loss
12/14/2024,11,N,1805,141.4,1655.09,153.07,44.01,154.09,1577,150,52,125,Weight Loss
12/15/2024,12,N,1803,141.6,1697.89,157.15,57.23,160.84,1698,150,56,146,Maintenance
12/16/2024,13,N,1800,143.2,1740.37,166.03,53.95,124.19,1698,150,56,146,Maintenance
12/17/2024,14,N,1795,143.2,1698.48,159.07,38.85,156.48,1698,150,56,146,Maintenance
12/18/2024,15,N,1790,143,1736.04,106.63,55.63,189.31,1698,150,56,146,Maintenance
12/19/2024,16,N,1787,142,1759.69,152.88,62.62,148.35,1698,150,56,146,Maintenance
12/20/2024,17,N,1784,142.8,2163.92,120.41,109.78,185.16,1698,150,56,146,Maintenance
12/21/2024,18,N,1782,142,1742.29,166.22,51.79,163.81,1698,150,56,146,Maintenance
12/22/2024,19,N,1779,143.2,1721.3,152.63,47.68,178.81,1676,151,55,141,Maintenance
12/23/2024,20,N,1777,142.6,,,,,,,,,Maintenance
12/24/2024,21,N,1774,,,,,,,,,,Maintenance
12/25/2024,22,N,1773,,,,,,,,,,Maintenance
12/26/2024,23,N,1771,,,,,,,,,,Maintenance
12/27/2024,24,N,1770,,,,,,,,,,Maintenance
12/28/2024,25,N,1770,,,,,,,,,,Maintenance
12/29/2024,26,N,1770,,,,,,,,,,Maintenance
12/30/2024,27,N,1770,,,,,,,,,,Maintenance
12/31/2024,28,N,1770,,,,,,,,,,Maintenance
1/1/2025,1,Y,1770,,,,,,,,,,Maintenance
1/2/2025,2,Y,1770,,,,,,,,,,Maintenance
1/3/2025,3,Y,1770,144.2,1655.79,154.04,45.99,163.56,1666,153,55,138,Maintenance
1/4/2025,4,N,1770,143.6,1723.33,157.68,45.35,179.93,1666,153,55,138,Maintenance
1/5/2025,5,N,1770,144,1702.54,177.33,46.73,155.59,1666,153,55,138,Maintenance
1/6/2025,6,N,1767,145.6,1646.66,178.82,41.72,145.22,1666,153,55,138,Maintenance
1/7/2025,7,N,1763,144.8,1704.02,159.33,47.74,184.34,1666,153,55,138,Maintenance
1/8/2025,8,N,1757,144,1668.37,162.98,40.12,171.49,1666,153,55,138,Maintenance
1/9/2025,9,N,1751,143.8,1716.1,165.34,51.72,156.19,1666,153,55,138,Maintenance
1/10/2025,10,N,1743,143.6,1697.87,162.26,46.89,164.41,1666,153,55,138,Maintenance
1/11/2025,11,N,1736,143.4,1744.13,158.02,63.91,142.12,1666,153,55,138,Maintenance
1/12/2025,12,N,1730,143.4,1624.68,157.87,53.03,138.89,1626,152,54,132,Maintenance
1/13/2025,13,N,1724,143.4,1623.45,188.95,37.99,143.14,1626,152,54,132,Maintenance
1/14/2025,14,N,1718,144.2,1611.53,160.02,43.5,168.78,1626,152,54,132,Maintenance
1/15/2025,15,N,1712,143.4,1633.47,161.9,40.88,164.51,1626,152,54,132,Maintenance
1/16/2025,16,N,1706,143.2,1603.9,164.13,29.52,180.8,1626,152,54,132,Maintenance
1/17/2025,17,N,1701,142.6,1645.72,159.99,49.05,150.96,1626,152,54,132,Maintenance
1/18/2025,18,N,1702,141.8,1624.75,155.01,44.96,156.58,1626,152,54,132,Maintenance
1/19/2025,19,N,1703,142.8,1680.28,159.65,55.12,134.99,1597,151,53,127,Maintenance
1/20/2025,20,N,1704,143.2,1684.61,173.33,44.09,171.84,1704,151,56,146,Maintenance
1/21/2025,21,N,1706,142.6,1654.61,162.96,42.42,162.17,1704,151,56,146,Maintenance
1/22/2025,22,N,1708,141.8,1715.1,160.31,49.5,167.76,1704,151,56,146,Maintenance
1/23/2025,23,N,1711,142.2,1702.83,162.78,40.58,181.1,1704,151,56,146,Maintenance
1/24/2025,24,N,1714,141.4,1867.67,154.06,61.94,181.04,1704,151,56,146,Maintenance
1/25/2025,25,N,1719,141.6,1781.37,156.49,57.42,168.4,1704,151,56,146,Maintenance
1/26/2025,26,N,1723,142.2,1724.51,160.92,43.95,180.02,1724,151,57,150,Maintenance
1/27/2025,27,N,1727,142.8,1721.58,176.24,34.37,184.42,1724,151,57,150,Maintenance
1/28/2025,28,N,1730,142,1720.33,182.96,39.53,175.56,1724,151,57,150,Maintenance
1/29/2025,29,N,1733,142.4,1743.71,159.26,36.97,199.18,1724,151,57,150,Maintenance
1/30/2025,1,Y,1735,143,1713.83,161.43,47.59,166.59,1724,151,57,150,Maintenance
1/31/2025,2,Y,1737,142.2,2057.34,117.63,79.62,226.95,1724,151,57,150,Maintenance
2/1/2025,3,Y,1740,142.4,1718.27,160.62,49.26,168.11,1724,151,57,150,Maintenance
2/2/2025,4,N,1743,142.4,1885.02,164.74,41.69,219.36,1885,151,62,178,Weight Gain
2/3/2025,5,N,1744,143.4,1884.03,182.1,60.01,163.75,1885,151,62,178,Weight Gain
2/4/2025,6,N,1746,143,1964.92,160.27,79.07,175.89,1885,151,62,178,Weight Gain
2/5/2025,7,N,1747,143.6,1857.16,170.44,58.79,170.91,1885,151,62,178,Weight Gain
2/6/2025,8,N,1748,143.4,1898.21,148.78,54.84,210.51,1885,151,62,178,Weight Gain
2/7/2025,9,N,1749,142.4,1882.45,177.27,56.78,176.78,1885,151,62,178,Weight Gain
2/8/2025,10,N,1752,142,1884.13,156.82,68.56,163.31,1885,151,62,178,Weight Gain
2/9/2025,11,N,1753,143.6,1855.36,156.05,64.5,170.47,1860,153,62,172,Weight Gain
2/10/2025,12,N,1754,143.6,1858.32,169.02,48.46,197.6,1860,153,62,172,Weight Gain
2/11/2025,13,N,1755,143.2,1861.29,160.63,59.78,184.14,1860,153,62,172,Weight Gain
2/12/2025,14,N,1756,143.4,1828.22,158.54,53.52,187.91,1860,153,62,172,Weight Gain
2/13/2025,15,N,1756,143.4,1856.31,173.67,45.44,194.9,1860,153,62,172,Weight Gain
2/14/2025,16,N,1757,143.4,1909.84,157.93,69.15,172.34,1860,153,62,172,Weight Gain
2/15/2025,17,N,1757,143.4,1839.92,129.48,66.65,189.76,1860,153,62,172,Weight Gain
2/16/2025,18,N,1758,142.8,1918.7,173.1,57.43,181.67,1864,152,62,173,Weight Gain
2/17/2025,19,N,1759,143.6,1915.56,168.19,56.77,190.53,1864,152,62,173,Weight Gain
2/18/2025,20,N,1759,143.8,1889.94,184.08,58.32,182.62,1864,152,62,173,Weight Gain
2/19/2025,21,N,1760,143.2,2026.48,171.69,59.48,213.98,1864,152,62,173,Weight Gain
2/20/2025,22,N,1762,142.6,1911.92,162.07,50.68,200.51,1864,152,62,173,Weight Gain
2/21/2025,23,N,1766,141.8,1861.1,166.27,46.73,206.42,1864,152,62,173,Weight Gain
2/22/2025,24,N,1769,143,1892.54,153.85,59.26,194.75,1864,152,62,173,Weight Gain
2/23/2025,25,N,1772,143.2,2198.61,175.67,71.2,227.43,1875,152,62,175,Weight Gain
2/24/2025,26,N,1775,143.8,2151.13,169.71,63.34,233.34,1875,152,62,175,Weight Gain
2/25/2025,27,N,1778,144.2,1881.43,157.32,53.46,216.93,1875,152,62,175,Weight Gain
2/26/2025,28,N,1780,144,1960.72,157.5,59.65,212.44,1875,152,62,175,Weight Gain
2/27/2025,1,Y,1782,143.4,1894.09,171.78,57.52,176.9,1875,152,62,175,Weight Gain
2/28/2025,2,Y,1784,143.4,1867.23,147.77,64.39,181.16,1875,152,62,175,Weight Gain
3/1/2025,3,Y,1786,143.4,3044.83,145.84,154.2,285.52,1875,152,62,175,Weight Gain
3/2/2025,4,N,1790,,1882.28,154.29,54.04,206.23,1895,152,63,178,Weight Gain
3/3/2025,5,N,1793,145,1893.6,155.32,52.14,217.91,1895,152,63,178,Weight Gain
3/4/2025,6,N,1795,144.6,1894.11,161.73,50.84,226.09,1895,152,63,178,Weight Gain
3/5/2025,7,N,1797,143.6,1880.25,157.63,64.66,192.53,1895,152,63,178,Weight Gain
3/6/2025,8,N,1799,144.6,1891.26,163.59,66.57,175.83,1895,152,63,178,Weight Gain
3/7/2025,9,N,,,,,,,,,,,
3/8/2025,10,N,,,,,,,,,,,
3/9/2025,11,N,,,,,,,,,,,
